Código SKU,Nombre,Marca,Subcategoría,Precio,Stock
"DTDL-0007","BARRA DIRECCION CORTA FORD CARGO 1721 (C /GRADUADOR Y GRASERA) - LYC","LYC","BARRA DIRECCION",110.07,1
"DTDL-0003","BARRA DIRECCION CORTA FORD CARGO 815 C/GRADUADOR Y GRASERA - LYC","LYC","BARRA DIRECCION",98,20
"DTDL-0020","BARRA DIRECCION CORTA FREIGTLINER COLUMBIA - LYC","LYC","BARRA DIRECCION",129.05,20
"DTDL-0004","BARRA DIRECCION CORTA ISUZU NKR/ NHR/ JAC 1040 - LYC","LYC","BARRA DIRECCION",40,20
"DTDL-0001","BARRA DIRECCION CORTA ISUZU NPR (CON GRASERA) - LYC","LYC","BARRA DIRECCION",59.44,20
"DTDL-0008","BARRA DIRECCION CORTA IVECO STRALIS/ EUROTRAKKER/ EUROTECH (CON GRASERA) - LYC","LYC","BARRA DIRECCION",111.88,20
"DTDL-0010","BARRA DIRECCION CORTA IVECO TECTOR / EUROCARGO (CON GRASERA) - LYC","LYC","BARRA DIRECCION",72.87,20
"DTDL-0012","BARRA DIRECCION CORTA JAC GALLOP HFC 1131/ 3130/ 3132 - LYC","LYC","BARRA DIRECCION",92.91,20
"DTDL-0013","BARRA DIRECCION CORTA JAC GALLOP HFC 1251 - LYC","LYC","BARRA DIRECCION",78.35,20
"DTDL-0014","BARRA DIRECCION CORTA JAC GALLOP HFC 4250 CON GRADUADOR DE MUÑON - LYC","LYC","BARRA DIRECCION",88.16,20
"DTDL-0002","BARRA DIRECCION CORTA MITSUBISHI CANTER FE84/ FE85 - LYC","LYC","BARRA DIRECCION",74.03,20
"DTDL-0009","BARRA DIRECCION CORTA MITSUBISHI CANTER FUSO FK615/ FK617 (CON GRASERA) - LYC","LYC","BARRA DIRECCION",62.82,20
"DTDL-0005","BARRA DIRECCION CORTA TOYOTA DYNA 14B (CON GRASERA) - LYC","LYC","BARRA DIRECCION",67.41,20
"DTDL-0006","BARRA DIRECCION CORTA TOYOTA HINO 300 4.0 N04C (CON GRASERA) - LYC","LYC","BARRA DIRECCION",85.63,20
"DTDL-0015","BARRA DIRECCION JAC HFC 1131 CON GRADUADOR DE MUÑON - LYC","LYC","BARRA DIRECCION",87.91,20
"DTDL-0016","BARRA DIRECCION LARGA FORD CARGO 1721 CON GRASERA-LYC","LYC","BARRA DIRECCION",166.4,20
"DTDL-0018","BARRA DIRECCION LARGA ISUZU 4HK-4HF-4HG1 CON GRASERA - LYC","LYC","BARRA DIRECCION",97.07,20
"DTSP-0001","BOMBA DIRECCION HIDRAULICA CUMMINS 4BT/ FORD CARGO 815 ( GIRO DERECHO ) - LYC","LYC","BOMBA DIRECCION",109.78,20
"DTSP-0002","BOMBA DIRECCION HIDRAULICA CUMMINS 6CT/ FORD CARGO 1721 (GIRO DERECHO) - LYC","LYC","BOMBA DIRECCION",138.67,20
"DTSP-0027","BOMBA DIRECCION HIDRAULICA CUMMINS ISF 3.8L FOTON AUMARK S (GIRO DERECHO) - LYC","LYC","BOMBA DIRECCION",128.27,17
"DTSP-0020","BOMBA DIRECCION HIDRAULICA FORD 6.6/ 7.8 (GIRO DERECHO) - LYC","LYC","BOMBA DIRECCION",154.07,20
"DTSP-0024","BOMBA DIRECCION HIDRAULICA FORD CARGO 1721 8.3L-WV WORKER (PURGA TRASERA) (GIRO DERECHO) - LYC","LYC","BOMBA DIRECCION",142.52,20
"DTSP-0008","BOMBA DIRECCION HIDRAULICA FREIGHTLINER 150 BAR (GIRO DERECHO) - LYC","LYC","BOMBA DIRECCION",146.26,20
"DTSP-0015","BOMBA DIRECCION HIDRAULICA ISUZU 4BD1/ 4BD1T (GIRO DERECHO) - LYC","LYC","BOMBA DIRECCION",128.27,20
"DTSP-0014","BOMBA DIRECCION HIDRAULICA ISUZU 4HE1/ 4HK1 (GIRO IZQUIERDO) - LYC","LYC","BOMBA DIRECCION",294.67,20
"DTSP-0013","BOMBA DIRECCION HIDRAULICA ISUZU 4JB1/ 4JB1T (GIRO DERECHO) - LYC","LYC","BOMBA DIRECCION",106.89,20
"DTSP-0004","BOMBA DIRECCION HIDRAULICA ISUZU 6HH1/ ENT 610 (GIRO IZQUIERDO) - LYC","LYC","BOMBA DIRECCION",122.91,20
"DTSP-0017","BOMBA DIRECCION HIDRAULICA IVECO EUROTECH/ TRAKKER (GIRO IZQUIERDO) - LYC","LYC","BOMBA DIRECCION",128.27,20
"DTSP-0007","BOMBA DIRECCION HIDRAULICA IVECO STRALIS/ TRAKKER (GIRO IZQUIERDO) - LYC","LYC","BOMBA DIRECCION",142.52,20
"DTSP-0010","BOMBA DIRECCION HIDRAULICA IVECO TECTOR/ EUROCARGO (GIRO IZQUIERDO) - LYC","LYC","BOMBA DIRECCION",128.27,20
"DTSP-0009","BOMBA DIRECCION HIDRAULICA IVECO TURBO DAILY 2.8L ALUMINIO 80 BAR (GIRO IZQUIERDO) - LYC","LYC","BOMBA DIRECCION",130.01,20
"DTSP-0006","BOMBA DIRECCION HIDRAULICA IVECO TURBO DAILY 2.8L HIERRO 80 BAR (GIRO IZQUIERDO) - LYC","LYC","BOMBA DIRECCION",120.26,20
"DTSP-0026","BOMBA DIRECCION HIDRAULICA JAC GALLOP 1131 (GIRO DERECHO) - LYC","LYC","BOMBA DIRECCION",128.27,20
"DTSP-0025","BOMBA DIRECCION HIDRAULICA JAC GALLOP 3130 (GIRO IZQUIERDO) - LYC","LYC","BOMBA DIRECCION",142.52,20
"DTSP-0019","BOMBA DIRECCION HIDRAULICA JAC GALLOP HFC 4250 (GIRO DERECHO) - LYC","LYC","BOMBA DIRECCION",144.12,20
"DTSP-0021","BOMBA DIRECCION HIDRAULICA MACK 1750 PSIG PEQUEÑA (GIRO DERECHO) - LYC","LYC","BOMBA DIRECCION",128.27,20
"DTSP-0022","BOMBA DIRECCION HIDRAULICA MACK 2000 PSIG GRANDE (GIRO DERECHO) - LYC","LYC","BOMBA DIRECCION",173.33,20
"DTSP-0028","BOMBA DIRECCION HIDRAULICA MACK MP7- MP8/ VOLVO D11-D13 (BOMBA TRANSFERENCIA) - LYC","LYC","BOMBA DIRECCION",332.8,20
"DTSP-0011","BOMBA DIRECCION HIDRAULICA MITSUBISHI CANTER 4D33/ 4D34 (GIRO IZQUIERDO) - LYC","LYC","BOMBA DIRECCION",128.27,20
"DTSP-0016","BOMBA DIRECCION HIDRAULICA TOYOTA DYNA 14B (GIRO DERECHO) - LYC","LYC","BOMBA DIRECCION",106.89,20
"DTSP-0018","BOMBA DIRECCION HIDRAULICA TOYOTA DYNA TURBO 4.6 (GIRO IZQUIERDO) - LYC","LYC","BOMBA DIRECCION",106.89,1
"DTDP-0008","PASADOR DIRECCION ENCAVA 610/ TOYOTA DYNA HINO 500/ ISUZU FVR SIN TURBO (KP-224) 35MM*200MM - LYC","KING PIN","PASADOR DIRECCION",34.6,20
"DTDP-0001","PASADOR DIRECCION FAW/ DONGFENG DUOLIKA 32MM*185MM (5 TON) - KING PIN","KING PIN","PASADOR DIRECCION",29,20
"DTDP-0013","PASADOR DIRECCION FORD CARGO 1721 (KB548) - KING PIN","KING PIN","PASADOR DIRECCION",78,20
"DTDP-0007","PASADOR DIRECCION FORD CARGO 815/ IVECO STRALIS (BS1105) 33MM*170MM - KING PIN","KING PIN","PASADOR DIRECCION",34.56,20
"DTDP-0011","PASADOR DIRECCION ISUZU FVR (KP-222) 50MM*250MM - LYC","KING PIN","PASADOR DIRECCION",50.31,20
"DTDP-0002","PASADOR DIRECCION ISUZU NHR / JAC HFC 1046 25MM*165MM - KING PIN","KING PIN","PASADOR DIRECCION",20,20
"DTDP-0014","PASADOR DIRECCION IVECO STRALIS / TRAKKER / TECTOR (1904698) (UNA RUEDA) - LYC","KING PIN","PASADOR DIRECCION",65.87,20
"DTDP-0012","PASADOR DIRECCION JAC GALLOP 4250 / 3252 / 1130 / 1131 CON GRASERA - KING PIN","KING PIN","PASADOR DIRECCION",76.09,20
"DTDP-0006","PASADOR DIRECCION MACK RIN-20 CONICO 35MM*41MM*190MM - KING PIN","KING PIN","PASADOR DIRECCION",73,20
"DTDP-0004","PASADOR DIRECCION MITSUBISHI CANTER 649 (KP-522) 28*180MM RODAMIENTO FINO - LYC","KING PIN","PASADOR DIRECCION",26.52,20
"DTDP-0005","PASADOR DIRECCION MITSUBISHI CANTER RODAMIENTO FINO (KP-551) 30*180MM - LYC","KING PIN","PASADOR DIRECCION",26.52,20
"DTDP-0015","PASADOR DIRECCION MITSUBISHI CANTER RODAMIENTO GRUESO (KP-551) 30*180MM - LYC","LYC","PASADOR DIRECCION",26.52,20
"DTDP-0010","PASADOR DIRECCION MITSUBISHI FK617 (KP-530) 35MM*190MM - LYC","KING PIN","PASADOR DIRECCION",26,20
"DTDP-0009","PASADOR DIRECCION MITSUBISHI FUSO (KP-548) 35MM*195MM - LYC","KING PIN","PASADOR DIRECCION",26,20
"DTTN-0037","ROTULA DIRECCION IVECO DAILY 60-12/ 59-12/ 40-12/ 40-10 - LYC (CAJA 2 UND PRECIO POR UND)","LYC","TERMINAL DIRECCION",15.17,20
"DTTN-0039","ROTULA DIRECCION IVECO NEW DAILY 70C16 - LYC (CAJA 2 UND PRECIO POR UND)","LYC","TERMINAL DIRECCION",16.34,20
"DTTN-0038","ROTULA DIRECCION IVECO POWER DAILY 5012 - LYC (CAJA 2 UND PRECIO POR UND)","LYC","TERMINAL DIRECCION",15.79,20
"DTTN-0003","TERMINAL BARRA TORCION IVECO DAILY CON GRASERA - LYC (CAJA 2 UND PRECIO POR UND)","LYC","TERMINAL DIRECCION",15.08,20
"DTTN-0017","TERMINAL DIRECCION ENCAVA 610 CON GRASERA DERECHO - LYC (CAJA 2 UND PRECIO POR UND)","LYC","TERMINAL DIRECCION",11.79,20
"DTTN-0018","TERMINAL DIRECCION ENCAVA 610 CON GRASERA IZQUIERDO - LYC (CAJA 2 UND PRECIO POR UND)","LYC","TERMINAL DIRECCION",11.79,20
"DTTN-0033","TERMINAL DIRECCION ENCAVA 610 DERECHO CON GRADUADOR DE MUÑON/ GRASERA - LYC (CAJA 2 UND PRECIO POR UND)","LYC","TERMINAL DIRECCION",16.83,20
"DTTN-0034","TERMINAL DIRECCION ENCAVA 610 IZQUIERDO CON GRADUADOR DE MUÑON/ GRASERA - LYC (CAJA 2 UND PRECIO POR UND)","LYC","TERMINAL DIRECCION",16.83,20
"DTTN-0012","TERMINAL DIRECCION FORD CARGO 1721 DERECHO - LYC (CAJA 2 UND PRECIO POR UND)","LYC","TERMINAL DIRECCION",20.11,20
"DTTN-0011","TERMINAL DIRECCION FORD CARGO 1721 IZQUIERDO - LYC (CAJA 2 UND PRECIO POR UND)","LYC","TERMINAL DIRECCION",20.11,20
"DTTN-0006","TERMINAL DIRECCION FORD CARGO 815 DERECHO - LYC (CAJA 2 UND PRECIO POR UND)","LYC","TERMINAL DIRECCION",22.32,20
"DTTN-0001","TERMINAL DIRECCION FORD CARGO 815 IZQUIERDO - LYC (CAJA 2 UND PRECIO POR UND)","LYC","TERMINAL DIRECCION",22.32,20
"DTTN-0004","TERMINAL DIRECCION ISUZU NPR/ NKR/ NHR/ JAC HFC 1040/ 1061 / DONGFENG JIMBA IZQUIERDO- LYC (CAJA 2 UND PRECIO POR UND)","LYC","TERMINAL DIRECCION",12.33,20
"DTTN-0002","TERMINAL DIRECCION ISUZU NPR/ NKR/ NHR/ JAC HFC 1040/1061 / DONGFENG JIMBA DERECHO - LYC (CAJA 2 UND PRECIO POR UND)","LYC","TERMINAL DIRECCION",12.33,18
"DTTN-0021","TERMINAL DIRECCION IVECO TECTOR/ STRALIS/ TRAKKER/ EUROTRAKKER IZQUIERDO - LYC (CAJA 2 UND PRECIO POR UND)","LYC","TERMINAL DIRECCION",21.35,20
"DTTN-0031","TERMINAL DIRECCION JAC GALLOP HFC 1131 DERECHO CON GRADUADOR DE MUÑON - LYC (PRECIO POR UNIDAD)","LYC","TERMINAL DIRECCION",39.75,20
"DTTN-0032","TERMINAL DIRECCION JAC GALLOP HFC 1131 IZQUIERDO CON GRADUADOR DE MUÑON - LYC (PRECIO POR UNIDAD)","LYC","TERMINAL DIRECCION",39.75,20
"DTTN-0029","TERMINAL DIRECCION JAC GALLOP HFC 4250/ 3252 CON GRASERA DERECHO - LYC (CAJA 2 UND PRECIO POR UND)","LYC","TERMINAL DIRECCION",22.1,20
"DTTN-0030","TERMINAL DIRECCION JAC GALLOP HFC 4250/ 3252 CON GRASERA IZQUIERDO - LYC (CAJA 2 UND PRECIO POR UND)","LYC","TERMINAL DIRECCION",22.1,20
"DTTN-0042","TERMINAL DIRECCION JAC HFC 1083 (LH) - LYC (CAJA 2UND PRECIO POR UNIDAD)","LYC","TERMINAL DIRECCION",26.39,20
"DTTN-0041","TERMINAL DIRECCION JAC HFC 1083 (RH) - LYC (CAJA 2UND PRECIO POR UNIDAD)","LYC","TERMINAL DIRECCION",26.39,20
"DTTN-0043","TERMINAL DIRECCION KIA PREGIO 3.0 - LYC (CAJA 2UND PRECIO POR UNIDAD)","LYC","TERMINAL DIRECCION",7.8,20
"DTTN-0035","TERMINAL DIRECCION KODIAK DERECHO CON GRASERA - LYC (CAJA 2 UND PRECIO POR UND)","LYC","TERMINAL DIRECCION",32.69,20
"DTTN-0036","TERMINAL DIRECCION KODIAK IZQUIERDO CON GRASERA - LYC (CAJA 2 UND PRECIO POR UND)","LYC","TERMINAL DIRECCION",32.69,20
"DTTN-0028","TERMINAL DIRECCION MACK DERECHO FINO - LYC (CAJA 2 UND PRECIO POR UND)","LYC","TERMINAL DIRECCION",22.85,20
"DTTN-0027","TERMINAL DIRECCION MACK IZQUIERDO FINO - LYC (CAJA 2 UND PRECIO POR UND)","LYC","TERMINAL DIRECCION",22.85,20
"DTTN-0014","TERMINAL DIRECCION MACK IZQUIERDO GRUESO 431 - LYC (CAJA 2 UND PRECIO POR UND)","LYC","TERMINAL DIRECCION",21.92,20
"DTTN-0008","TERMINAL DIRECCION MITSUBISHI CANTER CON GRASERA DERECHO - LYC (CAJA 2 UND PRECIO POR UND)","LYC","TERMINAL DIRECCION",13.94,20
"DTTN-0007","TERMINAL DIRECCION MITSUBISHI CANTER CON GRASERA IZQUIERDO - LYC (CAJA 2 UND PRECIO POR UND)","LYC","TERMINAL DIRECCION",13.94,20
"DTTN-0026","TERMINAL DIRECCION MITSUBISHI CANTER FUSO FK617 DERECHO - LYC","LYC","TERMINAL DIRECCION",29.04,20
"DTTN-0025","TERMINAL DIRECCION MITSUBISHI CANTER FUSO FK617 IZQUIERDO - LYC","LYC","TERMINAL DIRECCION",29.04,20
"DTTN-0022","TERMINAL DIRECCION MITSUBISHI FUSO FM657 DERECHO - LYC (PRECIO POR UNIDAD)","LYC","TERMINAL DIRECCION",42.26,20
"DTTN-0023","TERMINAL DIRECCION MITSUBISHI FUSO FM657 IZQUIERDO - LYC (PRECIO POR UNIDAD)","LYC","TERMINAL DIRECCION",42.26,20
"DTTN-0005","TERMINAL DIRECCION ROTULA IVECO DAILY/ POWER DAILY - LYC (CAJA 2 UND PRECIO POR UND)","LYC","TERMINAL DIRECCION",11.88,20
"DTTN-0019","TERMINAL DIRECCION ROTULA IVECO NEW DAILY 70C16 CON GRASERA - LYC (CAJA 2 UND PRECIO POR UND)","LYC","TERMINAL DIRECCION",10.75,20
"DTTN-0009","TERMINAL DIRECCION TOYOTA DYNA 14B DERECHO - LYC (CAJA 2 UND PRECIO POR UND)","LYC","TERMINAL DIRECCION",14.21,20
"DTTN-0010","TERMINAL DIRECCION TOYOTA DYNA 14B IZQUIERDO - LYC (CAJA 2 UND PRECIO POR UND)","LYC","TERMINAL DIRECCION",14.21,20
"DTTN-0016","TERMINAL DIRECCION TOYOTA DYNA HINO DERECHO 4.0/ 4.6 - LYC (CAJA 2 UND PRECIO POR UND)","LYC","TERMINAL DIRECCION",16.41,20
"DTTN-0015","TERMINAL DIRECCION TOYOTA DYNA HINO IZQUIERDO 4.0 / 4.6 - LYC (CAJA 2 UND PRECIO POR UND)","LYC","TERMINAL DIRECCION",16.41,20
"DTTN-2007","TERMINAL DIRECCION PALANCA FORD CARGO 1721 - LYC (CAJA 2 UND PRECIO POR UND)","LYC","TERMINAL - CAMBIO",11.7,2
"DTTN-2003","TERMINAL GUAYA CAMBIOS ISUZU NPR/ NHR/ NKR/ FVR/JAC HFC1061/ TOYOTA DYNA/ - LYC (BOLSA DE 5UND PRECIO POR UND)","LYC","TERMINAL - CAMBIO",2.66,1
"DTTN-2002","TERMINAL PALANCA PEQUEÑO FORD CARGO 815/ 1721 BASTAGO 10MM ROSCA DERECHA - LYC (CAJA 2UND PRECIO POR UNIDAD)","LYC","TERMINAL - CAMBIO",10.75,20
"DTTN-2001","TERMINAL PALANCA PEQUEÑO FORD CARGO 815/ 1721 BASTAGO 10MM ROSCA IZQUIERDO - LYC (CAJA 2UND PRECIO POR UNIDAD)","LYC","TERMINAL - CAMBIO",10.74,20
"DTTN-2004","TERMINAL PALANCA PEQUEÑO FORD CARGO 815/ 1721 BASTAGO 12MM ROSCA (LH) - LYC (BOLSA DE 5UND PRECIO POR UNIDAD)","LYC","TERMINAL - CAMBIO",5.55,20
"DTTN-2005","TERMINAL PALANCA PEQUEÑO FORD CARGO 815/ 1721 BASTAGO 12MM ROSCA (RH) - LYC (BOLSA DE 5UND PRECIO POR UNIDAD)","LYC","TERMINAL - CAMBIO",5.55,20
"DTTN-1002","KIT GRASERA MILIMETRICA M6/ M8/ M10 STD 45°-90° - LYC (CAJA 110 PCS)","LYC","TERMINAL - KIT GRASERA",13.1,20
"DTTN-1001","KIT GRASERA PULGADA 1/4 1/8 STD - 48°-90° - LYC (CAJA 110 PCS)","LYC","TERMINAL - KIT GRASERA",17.68,20
"DTBJ-0002","MUÑON DIRECCION KIA PREGIO 3.0 - LYC (CAJA 2UND PRECIO POR UNIDAD)","LYC","TERMINAL - MUÑON",10.82,20
"DTBJ-0001","MUÑON TREN DELANTERO IVECO DAILY (TROMPO) - LYC (CAJA 2UND PRECIO POR UNIDAD)","LYC","TERMINAL - MUÑON",15.6,20
"DTTN-0040","ROTULA DIRECCION KIA PREGIO 3.0 - LYC (CAJA 2UND PRECIO POR UNIDAD)","LYC","TERMINAL - ROTULA",8.29,20
