codigo_sku,nombre,marca,precio,subcategoria,categoria_padre,stock_inicial
"LGLS-1018","FARO DELANTERO CRUCE ISUZU NPR MOD NUEVO 2015 (LH) - LYC","LYC",16.96,"FARO DELANTERO - CRUCE","LUCES LYC",10
"LGLS-1019","FARO DELANTERO CRUCE ISUZU NPR MOD NUEVO 2015 (RH) - LYC","LYC",16.96,"FARO DELANTERO - CRUCE","LUCES LYC",10
"LGLS-1046","FARO DELANTERO CRUCE ISUZU NPR/ NKR/ NHR 2005-2014 (LED) - LYC (PRECIO POR PAR)","LYC",144.04,"FARO DELANTERO - CRUCE","LUCES LYC",10
"LGLS-1012","FARO DELANTERO CRUCE ISUZU NPR/ NKR/ NHR 2005-2014 (LH)- LYC","LYC",14.56,"FARO DELANTERO - CRUCE","LUCES LYC",10
"LGLS-1013","FARO DELANTERO CRUCE ISUZU NPR/ NKR/ NHR 2005-2014 (RH)- LYC","LYC",14.56,"FARO DELANTERO - CRUCE","LUCES LYC",10
"LGLS-1007","FARO DELANTERO CRUCE IVECO STRALIS (LH) - LYC","LYC",10.33,"FARO DELANTERO - CRUCE","LUCES LYC",10
"LGLS-1005","FARO DELANTERO CRUCE IVECO STRALIS (RH) - LYC","LYC",10.33,"FARO DELANTERO - CRUCE","LUCES LYC",10
"LGLS-1045","FARO DELANTERO CRUCE IVECO STRALIS/ TRAKKER (LH) HALOGENO - LYC","LYC",10.33,"FARO DELANTERO - CRUCE","LUCES LYC",10
"LGLS-1044","FARO DELANTERO CRUCE IVECO STRALIS/ TRAKKER (RH) HALOGENO - LYC","LYC",10.33,"FARO DELANTERO - CRUCE","LUCES LYC",10
"LGLS-1034","FARO DELANTERO CRUCE MITSUBISHI CANTER FUSO FE84 / FE85 (LH) - LYC","LYC",16.25,"FARO DELANTERO - CRUCE","LUCES LYC",10
"LGLS-1035","FARO DELANTERO CRUCE MITSUBISHI CANTER FUSO FE84 / FE85 (RH) - LYC","LYC",16.25,"FARO DELANTERO - CRUCE","LUCES LYC",10
"LGLS-1072","FARO ANTINIEBLA DERECHO JAC GALLOP 1061/ 1083 - LYC","LYC",25.91,"FARO DELANTERO - ANTINIEBLA","LUCES LYC",10
"LGLS-1069","FARO ANTINIEBLA DERECHO JAC GALLOP 4250/ 4253 - LYC","LYC",34.58,"FARO DELANTERO - ANTINIEBLA","LUCES LYC",10
"LGLS-1098","FARO ANTINIEBLA DONGFENG DUOLIKA 5T (LH) - LYC","LYC",16,"FARO DELANTERO - ANTINIEBLA","LUCES LYC",10
"LGLS-1097","FARO ANTINIEBLA DONGFENG DUOLIKA 5T (RH) - LYC","LYC",1,"FARO DELANTERO - ANTINIEBLA","LUCES LYC",10
"LGLS-1093","FARO ANTINIEBLA FOTON AUMARK E - ENCAVA ET-5 (LH) - LYC","LYC",1,"FARO DELANTERO - ANTINIEBLA","LUCES LYC",10
"LGLS-1094","FARO ANTINIEBLA FOTON AUMARK E - ENCAVA ET-5 (RH) - LYC","LYC",1,"FARO DELANTERO - ANTINIEBLA","LUCES LYC",10
"LGLS-1063","FARO ANTINIEBLA FOTON AUMARK S 24V (LH) - LYC","LYC",24.2,"FARO DELANTERO - ANTINIEBLA","LUCES LYC",10
"LGLS-1064","FARO ANTINIEBLA FOTON AUMARK S 24V (RH) - LYC","LYC",24.2,"FARO DELANTERO - ANTINIEBLA","LUCES LYC",10
"LGLS-1041","FARO ANTINIEBLA IVECO NEW STRALIS (LH) - LYC","LYC",24.2,"FARO DELANTERO - ANTINIEBLA","LUCES LYC",10
"LGLS-1040","FARO ANTINIEBLA IVECO NEW STRALIS (RH) - LYC","LYC",24.2,"FARO DELANTERO - ANTINIEBLA","LUCES LYC",10
"LGLS-1043","FARO ANTINIEBLA IVECO STRALIS (LH) - LYC","LYC",27.66,"FARO DELANTERO - ANTINIEBLA","LUCES LYC",10
"LGLS-1042","FARO ANTINIEBLA IVECO STRALIS (RH)- LYC","LYC",27.66,"FARO DELANTERO - ANTINIEBLA","LUCES LYC",10
"LGLS-1071","FARO ANTINIEBLA IZQUIERDO JAC GALLOP 1061/ 1083 - LYC","LYC",25.91,"FARO DELANTERO - ANTINIEBLA","LUCES LYC",10
"LGLS-1070","FARO ANTINIEBLA IZQUIERDO JAC GALLOP 4250/ 4253 - LYC","LYC",34.58,"FARO DELANTERO - ANTINIEBLA","LUCES LYC",10
"LGLS-1074","FARO ANTINIEBLA JAC GALLOP 3252-4250-4253 (REDONDO) DERECHO - LYC","LYC",20.71,"FARO DELANTERO - ANTINIEBLA","LUCES LYC",10
"LGLS-1073","FARO ANTINIEBLA JAC GALLOP 3252-4250-4253 (REDONDO) IZQUIERDO - LYC","LYC",20.71,"FARO DELANTERO - ANTINIEBLA","LUCES LYC",10
"LGLS-1067","FARO ANTINIEBLA MITSUBISHI CANTER FUSO 24V (LH)- LYC","LYC",41.53,"FARO DELANTERO - ANTINIEBLA","LUCES LYC",10
"LGLS-1068","FARO ANTINIEBLA MITSUBISHI CANTER FUSO 24V (RH) - LYC","LYC",41.53,"FARO DELANTERO - ANTINIEBLA","LUCES LYC",10
"LGLS-1037","FARO DELANTERO ANTI-NIEBLA IVECO EUROCARGO/ EUROTECH (LH) - LYC","LYC",37.37,"FARO DELANTERO - ANTINIEBLA","LUCES LYC",10
"LGLS-1036","FARO DELANTERO ANTI-NIEBLA IVECO EUROCARGO/ EUROTECH (RH) - LYC","LYC",37.37,"FARO DELANTERO - ANTINIEBLA","LUCES LYC",10
"LGLS-1103","FARO LED ANTINIEBLA / EXPLORADORA UNIVERSAL 12/24V - LYC","LYC",1,"FARO DELANTERO - ANTINIEBLA","LUCES LYC",10
"LGLS-1087","FARO DELANTERO ESQUINERO (CRUCE) ISUZU FVR 1994-2006 (LH) - LYC","LYC",1,"FARO DELANTERO - ESQUINERO","LUCES LYC",10
"LGLS-1088","FARO DELANTERO ESQUINERO (CRUCE) ISUZU FVR 1994-2006 (RH) - LYC","LYC",1,"FARO DELANTERO - ESQUINERO","LUCES LYC",10
"LGLS-1047","FARO DELANTERO ESQUINERO IVECO DAILY DERECHO - LYC (CAJA 2 UND PRECIO POR UND)","LYC",4.78,"FARO DELANTERO - ESQUINERO","LUCES LYC",10
"LGLS-1048","FARO DELANTERO ESQUINERO IVECO DAILY IZQUIERDO - LYC (CAJA 2 UND PRECIO POR UND)","LYC",4.78,"FARO DELANTERO - ESQUINERO","LUCES LYC",10
"LGLS-1050","FARO DELANTERO ESQUINERO IVECO EUROTECH (LH) - LYC","LYC",8.94,"FARO DELANTERO - ESQUINERO","LUCES LYC",10
"LGLS-1049","FARO DELANTERO ESQUINERO IVECO EUROTECH (RH) - LYC","LYC",8.94,"FARO DELANTERO - ESQUINERO","LUCES LYC",10
"LGLS-1008","FARO DELANTERO ESQUINERO IVECO STRALIS (LH) - LYC (CAJA DE 2UND PRECIO POR UNIDAD)","LYC",10.33,"FARO DELANTERO - ESQUINERO","LUCES LYC",10
"LGLS-1009","FARO DELANTERO ESQUINERO IVECO STRALIS (RH) - LYC (CAJA DE 2UND PRECIO POR UNIDAD)","LYC",10.33,"FARO DELANTERO - ESQUINERO","LUCES LYC",10
"LGLS-1038","FARO DELANTERO ESQUINERO IVECO TRAKKER (LH) - LYC (CAJA DE 2UND PRECIO POR UNIDAD)","LYC",9.81,"FARO DELANTERO - ESQUINERO","LUCES LYC",10
"LGLS-1039","FARO DELANTERO ESQUINERO IVECO TRAKKER (RH) - LYC (CAJA DE 2UND PRECIO POR UNIDAD)","LYC",9.81,"FARO DELANTERO - ESQUINERO","LUCES LYC",10
"LGLS-1032","FARO DELANTERO ESQUINERO MITSUBISHI CANTER FUSO FE84 / FE85 (LH) - LYC (CAJA DE 2UND PRECIO POR UNIDAD)","LYC",29.52,"FARO DELANTERO - ESQUINERO","LUCES LYC",10
"LGLS-1033","FARO DELANTERO ESQUINERO MITSUBISHI CANTER FUSO FE84 / FE85 (RH) - LYC","LYC",29.52,"FARO DELANTERO - ESQUINERO","LUCES LYC",10
"LGLS-0060","FARO ESQUINERO HINO 500 2002-2017 (RH) - LYC","LYC",17.33,"FARO DELANTERO - ESQUINERO","LUCES LYC",10
"LGLS-0061","FARO ESQUINERO HINO 500 2002-2017 (LH) - LYC","LYC",17.33,"FARO DELANTERO - ESQUINERO","LUCES LYC",10
"LGLS-0056","FARO ESQUINERO MACK CH (LH) - LYC","LYC",19.5,"FARO DELANTERO - ESQUINERO","LUCES LYC",10
"LGLS-0057","FARO ESQUINERO MACK CH (RH) - LYC","LYC",19.5,"FARO DELANTERO - ESQUINERO","LUCES LYC",10
"LGLS-0058","FARO ESQUINERO MITSUBISHI CANTER 649 / 659 (LH) - LYC","LYC",10.83,"FARO DELANTERO - ESQUINERO","LUCES LYC",10
"LGLS-0059","FARO ESQUINERO MITSUBISHI CANTER 649 / 659 (RH) - LYC","LYC",10.83,"FARO DELANTERO - ESQUINERO","LUCES LYC",10
"LGLS-0008","BARRA LED AMARILLA CROMADA TIPO REGLETA (12V/24V) - LYC (CAJA 2 UND PRECIO POR UND)","LYC",16,"FARO ESQUINERO / LATERAL","LUCES LYC",10
"LGLS-0001","BARRA LED AMARILLA TIPO REGLETA (12V/24V) - LYC (CAJA 2 UND PRECIO POR UND)","LYC",16,"FARO ESQUINERO / LATERAL","LUCES LYC",10
"LGLS-0009","BARRA LED ROJO CROMADA TIPO REGLETA (12V/24V) - LYC (CAJA 2 UND PRECIO POR UND)","LYC",16,"FARO ESQUINERO / LATERAL","LUCES LYC",10
"LGLS-0002","BARRA LED ROJO TIPO REGLETA (12V/24V) - LYC (CAJA 2 UND PRECIO POR UND)","LYC",16,"FARO ESQUINERO / LATERAL","LUCES LYC",10
"LGLS-0013","CINTA DE 20 MODULOS LUCES LED AMARILLA 3 METROS (12V) - LYC","LYC",27.54,"FARO ESQUINERO / LATERAL","LUCES LYC",10
"LGLS-0015","CINTA DE 20 MODULOS LUCES LED AZUL 3 METROS (12V) - LYC","LYC",27.54,"FARO ESQUINERO / LATERAL","LUCES LYC",10
"LGLS-0012","CINTA DE 20 MODULOS LUCES LED BLANCA 3 METROS (12V) - LYC","LYC",27.54,"FARO ESQUINERO / LATERAL","LUCES LYC",10
"LGLS-0014","CINTA DE 20 MODULOS LUCES LED ROJO 3 METROS (12V) - LYC","LYC",33.8,"FARO ESQUINERO / LATERAL","LUCES LYC",10
"LGLS-0031","FARO ESQUINERO LATERAL IVECO STRALIS/ TRAKKER/ NEW STRALIS/ EUROTECH/ EUROTRAKKER (LH) CON BOMBILLO HALOGENO - LYC","LYC",10.33,"FARO ESQUINERO / LATERAL","LUCES LYC",10
"LGLS-0030","FARO ESQUINERO LATERAL IVECO STRALIS/ TRAKKER/ NEW STRALIS/ EUROTECH/ EUROTRAKKER (RH) CON BOMBILLO HALOGENO - LYC","LYC",10.33,"FARO ESQUINERO / LATERAL","LUCES LYC",10
"LGLS-0011","FARO ESQUINERO LATERAL LED AMARILLO (12V/24V) - LYC (CAJA 2 UND PRECIO POR UND)","LYC",5.72,"FARO ESQUINERO / LATERAL","LUCES LYC",10
"LGLS-0017","FARO ESQUINERO LATERAL LED AMARILLO 4" C/FLASH (12V/24V) - LYC (CAJA 2 UND PRECIO POR UND)","LYC",4.62,"FARO ESQUINERO / LATERAL","LUCES LYC",10
"LGLS-0003","FARO ESQUINERO LATERAL LED AMARILLO ARO NEON PLASTICO C/FLASH (12V/24V) - LYC (CAJA 10 UND PRECIO POR UND)","LYC",5.72,"FARO ESQUINERO / LATERAL","LUCES LYC",10
"LGLS-0020","FARO ESQUINERO LATERAL LED AMARILLO CON BASE PLASTICA C/FLASH (12V/24V) - LYC (CAJA 2 UND PRECIO POR UND)","LYC",5.01,"FARO ESQUINERO / LATERAL","LUCES LYC",10
"LGLS-0037","FARO ESQUINERO LATERAL LED AMARILLO CON BORDE NEON ROJO OVALADO S/FLASH (12V/24V) - LYC (CAJA 2 UND PRECIO POR UND)","LYC",10.4,"FARO ESQUINERO / LATERAL","LUCES LYC",10
"LGLS-0022","FARO ESQUINERO LATERAL LED AMARILLO CROMADO 3.5" C/FLASH (12V/24V) - LYC (CAJA 10 UND PRECIO POR UND)","LYC",4.62,"FARO ESQUINERO / LATERAL","LUCES LYC",10
"LGLS-0004","FARO ESQUINERO LATERAL LED AMARILLO CROMADO C/FLASH (12V/24V) - LYC (CAJA 10 UND PRECIO POR UND)","LYC",6.72,"FARO ESQUINERO / LATERAL","LUCES LYC",10
"LGLS-0005","FARO ESQUINERO LATERAL LED AMARILLO CROMADO S/FLASH (12V/24V) - LYC (CAJA 10 UND PRECIO POR UND)","LYC",5.37,"FARO ESQUINERO / LATERAL","LUCES LYC",10
"LGLS-0047","FARO ESQUINERO LATERAL LED AMARILLO OVALADO BORDE DE GOMA PARA EMPOTRAR S/FLASH (12V/24V) - LYC","LYC",11.56,"FARO ESQUINERO / LATERAL","LUCES LYC",10
"LGLS-0006","FARO ESQUINERO LATERAL LED AMARILLO OVALADO C/FLASH (12V/24V) - LYC","LYC",15,"FARO ESQUINERO / LATERAL","LUCES LYC",10
"LGLS-0040","FARO ESQUINERO LATERAL LED AMARILLO OVALADO C/FLASH C/BASE CROMADA (12V/24V) - LYC","LYC",13.48,"FARO ESQUINERO / LATERAL","LUCES LYC",10
"LGLS-0018","FARO ESQUINERO LATERAL LED AMARILLO REDONDO PLASTICO C/FLASH (12V/24V) - LYC (CAJA 10 UND PRECIO POR UND)","LYC",3.12,"FARO ESQUINERO / LATERAL","LUCES LYC",10
"LGLS-0050","FARO ESQUINERO LATERAL LED AMARILLO TIPO IVICA (BASE ALUMINIO) - LYC","LYC",5.14,"FARO ESQUINERO / LATERAL","LUCES LYC",10
"LGLS-0052","FARO ESQUINERO LATERAL LED AMARILLO TIPO PEPINO EFECTO ESTRELLA - LYC","LYC",9.27,"FARO ESQUINERO / LATERAL","LUCES LYC",10
"LGLS-0024","FARO ESQUINERO LATERAL LED AZUL CROMADO 3.5" C/FLASH (12V/24V) - LYC (CAJA 10 UND PRECIO POR UND)","LYC",4.62,"FARO ESQUINERO / LATERAL","LUCES LYC",10
"LGLS-0054","FARO ESQUINERO LATERAL LED AZUL TIPO PEPINO EFECTO ESTRELLA - LYC","LYC",9.27,"FARO ESQUINERO / LATERAL","LUCES LYC",10
"LGLS-0035","FARO ESQUINERO LATERAL LED CON BORDE NEON AMARILLO CROMADO S/FLASH (12V/24V) - LYC (CAJA 10 UND PRECIO POR UND)","LYC",8.47,"FARO ESQUINERO / LATERAL","LUCES LYC",10
"LGLS-0033","FARO ESQUINERO LATERAL LED CON BORDE NEON AZUL CROMADO S/FLASH (12V/24V) - LYC (CAJA 10 UND PRECIO POR UND)","LYC",8.47,"FARO ESQUINERO / LATERAL","LUCES LYC",10
"LGLS-0034","FARO ESQUINERO LATERAL LED CON BORDE NEON ROJO CROMADO S/FLASH (12V/24V) - LYC (CAJA 10 UND PRECIO POR UND)","LYC",8.47,"FARO ESQUINERO / LATERAL","LUCES LYC",10
"LGLS-0036","FARO ESQUINERO LATERAL LED CON BORDE NEON VERDE CROMADO S/FLASH (12V/24V) - LYC (CAJA 10 UND PRECIO POR UND)","LYC",8.47,"FARO ESQUINERO / LATERAL","LUCES LYC",10
"LGLS-0038","FARO ESQUINERO LATERAL LED MORADO CON BORDE AZUL NEON OVALADO S/FLASH (12V/24V) - LYC (CAJA 2 UND PRECIO POR UND)","LYC",10.4,"FARO ESQUINERO / LATERAL","LUCES LYC",10
"LGLS-0043","FARO ESQUINERO LATERAL LED RECTANGULAR PLASTICO AMARILLO S/FLASH (12V/24V) - LYC (CAJA 2 UND PRECIO POR UND)","LYC",11.27,"FARO ESQUINERO / LATERAL","LUCES LYC",10
"LGLS-0041","FARO ESQUINERO LATERAL LED RECTANGULAR PLASTICO BLANCO C/FLASH (12V/24V) - LYC (CAJA 2 UND PRECIO POR UND)","LYC",13.52,"FARO ESQUINERO / LATERAL","LUCES LYC",10
"LGLS-0042","FARO ESQUINERO LATERAL LED RECTANGULAR PLASTICO BLANCO S/FLASH (12V/24V) - LYC (CAJA 2 UND PRECIO POR UND)","LYC",8.05,"FARO ESQUINERO / LATERAL","LUCES LYC",10
"LGLS-0044","FARO ESQUINERO LATERAL LED RECTANGULAR PLASTICO ROJA C/FLASH (12V/24V) - LYC (CAJA 2 UND PRECIO POR UND)","LYC",11.27,"FARO ESQUINERO / LATERAL","LUCES LYC",10
"LGLS-0026","FARO ESQUINERO LATERAL LED ROJO 3" TIPO MISIL GRANDE - LYC","LYC",5.89,"FARO ESQUINERO / LATERAL","LUCES LYC",10
"LGLS-0027","FARO ESQUINERO LATERAL LED ROJO 3" TIPO MISIL GRANDE CON VISERA - LYC","LYC",6.41,"FARO ESQUINERO / LATERAL","LUCES LYC",10
"LGLS-0016","FARO ESQUINERO LATERAL LED ROJO 4" C/FLASH (12V/24V) - LYC (CAJA 2 UND PRECIO POR UND)","LYC",4.62,"FARO ESQUINERO / LATERAL","LUCES LYC",10
"LGLS-0021","FARO ESQUINERO LATERAL LED ROJO CON BASE METALICA C/FLASH (12V/24V) - LYC (CAJA 2 UND PRECIO POR UND)","LYC",4.51,"FARO ESQUINERO / LATERAL","LUCES LYC",10
"LGLS-0007","FARO ESQUINERO LATERAL LED ROJO CROMADO (12V/24V) - LYC (CAJA 10 UND PRECIO POR UND)","LYC",6.95,"FARO ESQUINERO / LATERAL","LUCES LYC",10
"LGLS-0023","FARO ESQUINERO LATERAL LED ROJO CROMADO 3.5" C/FLASH (12V/24V) - LYC (CAJA 10 UND PRECIO POR UND)","LYC",4.62,"FARO ESQUINERO / LATERAL","LUCES LYC",10
"LGLS-0010","FARO ESQUINERO LATERAL LED ROJO CUADRADO (12V/24V) - LYC (CAJA 2 UND PRECIO POR UND)","LYC",6,"FARO ESQUINERO / LATERAL","LUCES LYC",10
"LGLS-0046","FARO ESQUINERO LATERAL LED ROJO OVALADO BORDE DE GOMA PARA EMPOTRAR S/FLASH (12V/24V) - LYC","LYC",11.56,"FARO ESQUINERO / LATERAL","LUCES LYC",10
"LGLS-0045","FARO ESQUINERO LATERAL LED ROJO OVALADO C/FLASH (12V/24V) - LYC","LYC",15.02,"FARO ESQUINERO / LATERAL","LUCES LYC",10
"LGLS-0039","FARO ESQUINERO LATERAL LED ROJO OVALADO CON BASE CROMADA C/FLASH (12V/24V) - LYC","LYC",13.48,"FARO ESQUINERO / LATERAL","LUCES LYC",10
"LGLS-0019","FARO ESQUINERO LATERAL LED ROJO REDONDO PLASTICO C/FLASH (12V/24V) - LYC (CAJA 10 UND PRECIO POR UND)","LYC",3.12,"FARO ESQUINERO / LATERAL","LUCES LYC",10
"LGLS-0051","FARO ESQUINERO LATERAL LED ROJO TIPO IVICA ( BASE ALUMINIO)- LYC","LYC",5.14,"FARO ESQUINERO / LATERAL","LUCES LYC",10
"LGLS-0053","FARO ESQUINERO LATERAL LED ROJO TIPO PEPINO EFECTO ESTRELLA - LYC","LYC",9.27,"FARO ESQUINERO / LATERAL","LUCES LYC",10
"LGLS-0025","FARO ESQUINERO LATERAL LED VERDE CROMADO 3.5" C/FLASH (12V/24V) - LYC (CAJA 10 UND PRECIO POR UND)","LYC",4.62,"FARO ESQUINERO / LATERAL","LUCES LYC",10
"LGLS-0055","FARO ESQUINERO LATERAL LED VERDE TIPO PEPINO EFECTO ESTRELLA - LYC","LYC",9.27,"FARO ESQUINERO / LATERAL","LUCES LYC",10
"LGLS-0048","FARO LATERAL REDONDO LED AMARILLO 3" PUERTA (12V/24V) - LYC (CAJA 2 UND PRECIO POR UND)","LYC",6.55,"FARO ESQUINERO / LATERAL","LUCES LYC",10
"LGLS-0049","FARO LATERAL REDONDO LED ROJO 3" PUERTA (12V/24V) - LYC (CAJA 2 UND PRECIO POR UND)","LYC",6,"FARO ESQUINERO / LATERAL","LUCES LYC",10
"LGLS-0032","FRANJA DE LUCES PARA VIDRIO 1.5M - LYC","LYC",75.11,"FARO ESQUINERO / LATERAL","LUCES LYC",10
"LGLS-3014","FARO LED TRASERO CUADRADO 3" AMARILLO (12V/24V) - LYC (CAJA 5 UND PRECIO POR UND)","LYC",5.63,"FARO TRASERO","LUCES LYC",10
"LGLS-3015","FARO LED TRASERO CUADRADO 3" BLANCO (12V/24V) - LYC (CAJA 5 UND PRECIO POR UND)","LYC",5.63,"FARO TRASERO","LUCES LYC",10
"LGLS-3013","FARO LED TRASERO CUADRADO 3" ROJO (12V/24V) - LYC (CAJA 5 UND PRECIO POR UND)","LYC",5.63,"FARO TRASERO","LUCES LYC",10
"LGLS-3001","FARO LED TRASERO REDONDO 4" AMARILLO ARO NEON CROMADO (12V/24V) - LYC (CAJA 2 UND PRECIO POR UND)","LYC",12.75,"FARO TRASERO","LUCES LYC",10
"LGLS-3009","FARO LED TRASERO REDONDO 4" AMARILLO C/FLASH (12V/24V) - LYC (CAJA 2 UND PRECIO POR UND)","LYC",7.15,"FARO TRASERO","LUCES LYC",10
"LGLS-3017","FARO LED TRASERO REDONDO 4" AMARILLO C/FLASH CROMADO (12V/24V) - LYC (CAJA 2 UND PRECIO POR UND)","LYC",15,"FARO TRASERO","LUCES LYC",10
"LGLS-3023","FARO LED TRASERO REDONDO 4" AMARILLO FLECHA SECUENCIAL (12V/24V) - LYC","LYC",12,"FARO TRASERO","LUCES LYC",10
"LGLS-3005","FARO LED TRASERO REDONDO 4" AMARILLO FLECHA SECUENCIAL BORDE DE GOMA PARA EMPOTRAR (12V/24V) - LYC (CAJA 2UND)","LYC",13.48,"FARO TRASERO","LUCES LYC",10
"LGLS-3018","FARO LED TRASERO REDONDO 4" AMARILLO S/FLASH (12V/24V) - LYC","LYC",12,"FARO TRASERO","LUCES LYC",10
"LGLS-3011","FARO LED TRASERO REDONDO 4" AMARILLO TIPO MISIL PEQUEÑO - LYC","LYC",6.17,"FARO TRASERO","LUCES LYC",10
"LGLS-3019","FARO LED TRASERO REDONDO 4" BLANCO C/FLASH (12V/24V) - LYC (CAJA 2 UND PRECIO POR UND)","LYC",7.15,"FARO TRASERO","LUCES LYC",10
"LGLS-3016","FARO LED TRASERO REDONDO 4" BLANCO S/FLASH CROMADO (12V/24V) - LYC (CAJA 2 UND PRECIO POR UND)","LYC",14.3,"FARO TRASERO","LUCES LYC",10
"LGLS-3007","FARO LED TRASERO REDONDO 4" CON BASE AMARILLO CROMADO C/FLASH (12V/24V) - LYC (CAJA 2 UND PRECIO POR UND)","LYC",11.27,"FARO TRASERO","LUCES LYC",10
"LGLS-3006","FARO LED TRASERO REDONDO 4" CON BASE ROJO CROMADO C/FLASH (12V/24V) - LYC (CAJA 2 UND PRECIO POR UND)","LYC",11.27,"FARO TRASERO","LUCES LYC",10
"LGLS-3002","FARO LED TRASERO REDONDO 4" ROJO ARO NEON CROMADO (12V/24V) - LYC (CAJA 2 UND PRECIO POR UND)","LYC",12.75,"FARO TRASERO","LUCES LYC",10
"LGLS-3003","FARO LED TRASERO REDONDO 4" ROJO C/FLASH BORDE DE GOMA PARA EMPOTRAR (12V/24V) - LYC (CAJA 2 UND PRECIO POR UND)","LYC",8,"FARO TRASERO","LUCES LYC",10
"LGLS-3008","FARO LED TRASERO REDONDO 4" ROJO C/FLASH CROMADO (12V/24V) - LYC (CAJA 2 UND PRECIO POR UND)","LYC",15,"FARO TRASERO","LUCES LYC",10
"LGLS-3010","FARO LED TRASERO REDONDO 4" ROJO FLECHA SECUENCIAL C/FLASH BORDE DE GOMA PARA EMPOTRAR (12V/24V) - LYC (CAJA 2UND)","LYC",15.17,"FARO TRASERO","LUCES LYC",10
"LGLS-3004","FARO LED TRASERO REDONDO 4" ROJO S/FLASH (12V/24V) BORDE DE GOMA PARA EMPOTRAR - LYC (CAJA 2 UND PRECIO POR UND)","LYC",8.76,"FARO TRASERO","LUCES LYC",10
"LGLS-3012","FARO LED TRASERO REDONDO 4" ROJO TIPO MISIL PEQUEÑO - LYC","LYC",7.71,"FARO TRASERO","LUCES LYC",10
"LGLS-3020","FARO LED TRASERO ROJO 4" TIPO MISIL GRANDE- LYC","LYC",6.41,"FARO TRASERO","LUCES LYC",10
"LGLS-0028","FARO STOP TRASERO LED 3" AMARILLO TIPO MISIL - LYC","LYC",0,"FARO TRASERO","LUCES LYC",10
"LGLS-0029","FARO STOP TRASERO LED 3" AMARILLO TIPO MISIL CON VISERA - LYC","LYC",0,"FARO TRASERO","LUCES LYC",10
"LGLS-4005","BASE LUCES LED UNIVERSAL TRASERA 2 FAROS CUADRADO CROMADO (12V/24V) - LYC (CAJA 2 UND PRECIO POR UND)","LYC",42.37,"FARO STOP","LUCES LYC",10
"LGLS-4008","BASE LUCES LED UNIVERSAL TRASERA 3 FAROS CUADRADO CROMADO DER/ IZQ (12V/24V) - LYC (PRECIO POR PAR)","LYC",82.16,"FARO STOP","LUCES LYC",10
"LGLS-4004","BASE LUCES LED UNIVERSAL TRASERA 3 FAROS OVALADOS CROMADO (12V/24V) - LYC (CAJA 2 UND PRECIO POR UND)","LYC",46.22,"FARO STOP","LUCES LYC",10
"LGLS-4009","BASE LUCES LED UNIVERSAL TRASERA 3 FAROS REDONDO 4" CROMADO (12V/24V) - LYC (CAJA 2 UND PRECIO POR UND)","LYC",37.75,"FARO STOP","LUCES LYC",10
"LGLS-4010","BASE LUCES LED UNIVERSAL TRASERA 3 FAROS REDONDO 4" DER (12V/24V) - LYC (CAJA 2 UND PRECIO POR UND)","LYC",30.38,"FARO STOP","LUCES LYC",10
"LGLS-4012","BASE LUCES LED UNIVERSAL TRASERA 3 FAROS REDONDO 4" IZQ (12V/24V) - LYC (CAJA 2 UND PRECIO POR UND)","LYC",30.38,"FARO STOP","LUCES LYC",10
"LGLS-4011","BASE LUCES LED UNIVERSAL TRASERA 3 FAROS REDONDO 6" DER (12V/24V) - LYC","LYC",37.36,"FARO STOP","LUCES LYC",10
"LGLS-4013","BASE LUCES LED UNIVERSAL TRASERA 3 FAROS REDONDO 6" IZQ (12V/24V) - LYC","LYC",37.36,"FARO STOP","LUCES LYC",10
"LGLS-4002","BASE LUCES LED UNIVERSAL TRASERA 4 FAROS REDONDO 4" TIPO MISIL PEQUEÑO ROJO C/CRUCE AMARILLA DERECHA (12V/24V) - LYC","LYC",57.78,"FARO STOP","LUCES LYC",10
"LGLS-4031","BASE LUCES LED UNIVERSAL TRASERA 4 FAROS REDONDO 4" TIPO MISIL PEQUEÑO ROJO C/CRUCE AMARILLA IZQUIERDA (12V/24V) - LYC","LYC",57.78,"FARO STOP","LUCES LYC",10
"LGLS-4001","BASE LUCES LED UNIVERSAL TRASERA 4 FAROS REDONDO 4" TIPO MISIL PEQUEÑO ROJO DER/ IZQ (12V/24V) - LYC","LYC",52,"FARO STOP","LUCES LYC",10
"LGLS-4032","FARO STOP FOTON AUMARK S / ISUZU NKR MODELO NUEVO TRASERO CON BOMBILLO HALOGENO 24V - LYC","LYC",24.2,"FARO STOP","LUCES LYC",10
"LGLS-4006","FARO STOP HALOGENO IVECO DAILY TRASERO IZQ (12V/24V) - LYC","LYC",19.6,"FARO STOP","LUCES LYC",10
"LGLS-4033","FARO STOP HALOGENO HINO 300 2012-2020 TRASERO (RH) - LYC","LYC",1,"FARO STOP","LUCES LYC",10
"LGLS-4034","FARO STOP HALOGENO HINO 300 2012-2020 TRASERO (LH) - LYC","LYC",1,"FARO STOP","LUCES LYC",10
"LGLS-4025","FARO STOP HALOGENO ISUZU NPR TRASERO DER (12V) - LYC","LYC",16.45,"FARO STOP","LUCES LYC",10
"LGLS-4027","FARO STOP HALOGENO ISUZU NPR TRASERO IZQ (12V) - LYC","LYC",16.45,"FARO STOP","LUCES LYC",10
"LGLS-4007","FARO STOP HALOGENO IVECO DAILY TRASERO DER (12V/24V) - LYC","LYC",19.6,"FARO STOP","LUCES LYC",10
"LGLS-4026","FARO STOP HALOGENO IVECO STRALIS/ EUROCARGO/ EUROTECH/ TRAKKER TRASERO (LH) (12V) - LYC","LYC",26.66,"FARO STOP","LUCES LYC",10
"LGLS-4024","FARO STOP HALOGENO IVECO STRALIS/ EUROCARGO/ EUROTECH/ TRAKKER TRASERO (RH) (12V) - LYC","LYC",26.66,"FARO STOP","LUCES LYC",10
"LGLS-0063","FARO STOP HALOGENO MITSUBISHI CANTER FUSO (LH) - LYC","LYC",1,"FARO STOP","LUCES LYC",10
"LGLS-0062","FARO STOP HALOGENO MITSUBISHI CANTER FUSO (RH) - LYC","LYC",1,"FARO STOP","LUCES LYC",10
"LGLS-4030","FARO STOP LED CUADRADO (PLANO) CON LUZ DE RETROCESO (12V/24V) - LYC","LYC",12.38,"FARO STOP","LUCES LYC",10
"LGLS-4016","FARO STOP LED FORD CARGO 815/ 1721 TRASERO CUADRADO DER (12V/24V) - LYC (CAJA 2 UND PRECIO POR UND)","LYC",26,"FARO STOP","LUCES LYC",10
"LGLS-4020","FARO STOP LED FORD CARGO 815/ 1721 TRASERO CUADRADO IZQ (12V/24V) - LYC (CAJA 2 UND PRECIO POR UND)","LYC",26,"FARO STOP","LUCES LYC",10
"LGLS-4014","FARO STOP LED FOTON AUMARK S / ISUZU NKR MODELO NUEVO TRASERO DER (12V/24V) - LYC (CAJA 2 UND PRECIO POR UND)","LYC",20.11,"FARO STOP","LUCES LYC",10
"LGLS-4015","FARO STOP LED FOTON AUMARK S / ISUZU NKR MODELO NUEVO TRASERO IZQ (12V/24V) - LYC (CAJA 2 UND PRECIO POR UND)","LYC",20.11,"FARO STOP","LUCES LYC",10
"LGLS-4022","FARO STOP LED ISUZU NPR TRASERO (LH) (12V/24V) - LYC (CAJA 2 UND PRECIO POR UND)","LYC",19.74,"FARO STOP","LUCES LYC",10
"LGLS-4018","FARO STOP LED ISUZU NPR TRASERO (RH) (12V/24V) - LYC (CAJA 2 UND PRECIO POR UND)","LYC",19.74,"FARO STOP","LUCES LYC",10
"LGLS-4017","FARO STOP LED JAC HFC 1061/ JAC GALLOP TODOS TRASERO DER (12V/24V) - LYC (CAJA 2 UND PRECIO POR UND)","LYC",21.43,"FARO STOP","LUCES LYC",10
"LGLS-4021","FARO STOP LED JAC HFC 1061/ JAC GALLOP TODOS TRASERO IZQ (12V/24V) - LYC (CAJA 2 UND PRECIO POR UND)","LYC",21.43,"FARO STOP","LUCES LYC",10
"LGLS-4028","FARO STOP LED UNIVERSAL TRASERO AMARILLO 3" TIPO MISIL - LYC","LYC",5.2,"FARO STOP","LUCES LYC",10
"LGLS-4029","FARO STOP LED UNIVERSAL TRASERO AMARILLO 3" TIPO MISIL CON VISERA - LYC","LYC",6.17,"FARO STOP","LUCES LYC",10
"LGLS-4003","FARO STOP LED UNIVERSAL TRASERO CUADRADO (12V/24V) - LYC (CAJA 2 UND PRECIO POR UND)","LYC",19.07,"FARO STOP","LUCES LYC",10
"LGLS-4023","FARO STOP LED UNIVERSAL TRASERO SECUENCIAL (LH) (12V/24V) - LYC (CAJA 2 UND PRECIO POR UND)","LYC",24.27,"FARO STOP","LUCES LYC",10
"LGLS-4019","FARO STOP LED UNIVERSAL TRASERO SECUENCIAL (RH) (12V/24V) - LYC (CAJA 2 UND PRECIO POR UND)","LYC",24.27,"FARO STOP","LUCES LYC",10
"LGLS-2001","FARO DIRECCIONAL LED CUADRADA SECUENCIAL (RH) C/FLASH CHUPETA CUADRADA (12V/24V) - LYC","LYC",21.13,"FARO DIRECCIONALES","LUCES LYC",10
"LGLS-2004","FARO DIRECCIONAL LED CUADRARA CON VISERA CHUPETA CUADRADA (PEQUEÑA) (12V/24V) - LYC","LYC",17.33,"FARO DIRECCIONALES","LUCES LYC",10
"LGLS-2002","FARO DIRECCIONAL LED CUADRARA SECUENCIAL (LH) C/FLASH CHUPETA CUADRADA (12V/24V) - LYC","LYC",21.13,"FARO DIRECCIONALES","LUCES LYC",10
"LGLS-2003","FARO DIRECCIONAL LED REDONDA C/FLASH CHUPETA REDONDA (12V/24V) - LYC","LYC",17.88,"FARO DIRECCIONALES","LUCES LYC",10
"LGLS-5004","FARO CABINA LED UNIVERSAL GIRATORIO AMARILLO (PEQUEÑA) (12V/24V) - LYC","LYC",42.18,"FARO CABINA","LUCES LYC",10
"LGLS-5006","FARO CABINA LED UNIVERSAL GIRATORIO AMARILLO COCTELERA GRANDE (12V/24V) - LYC","LYC",70.13,"FARO CABINA","LUCES LYC",10
"LGLS-5005","FARO CABINA LED UNIVERSAL GIRATORIO ROJO COCTELERA GRANDE (12V/24V) - LYC","LYC",70.13,"FARO CABINA","LUCES LYC",10
"LGLS-5003","FARO CABINA TECHO EXTERNO AMARILLA CROMADO (12V/24V) - LYC (CAJA 2 UND PRECIO POR UND)","LYC",5.86,"FARO CABINA","LUCES LYC",10
"LGLS-5002","LAMPARA CABINA INTERNA BLANCA FINA (12V/24V) - LYC (CAJA 2 UND PRECIO POR UND)","LYC",7.18,"FARO CABINA","LUCES LYC",10
"LGLS-5001","LAMPARA CABINA INTERNA BLANCA GRUESA (12V/24V) - LYC (CAJA 2 UND PRECIO POR UND)","LYC",7.81,"FARO CABINA","LUCES LYC",10
"LGLS-1099","FARO DELANTERO CRUCE DONGFENG DUOLIKA 5T (LH) (CAJA 2 UND PRECIO POR UND)- LYC","LYC",1,"FARO DELANTERO","LUCES LYC",10
"LGLS-1100","FARO DELANTERO CRUCE DONGFENG DUOLIKA 5T (RH)(CAJA 2 UND PRECIO POR UND) - LYC","LYC",1,"FARO DELANTERO","LUCES LYC",10
"LGLS-1095","FARO DELANTERO DONGFENG DUOLIKA 5T (LH) - LYC","LYC",1,"FARO DELANTERO","LUCES LYC",10
"LGLS-1096","FARO DELANTERO DONGFENG DUOLIKA 5T (RH) - LYC","LYC",0,"FARO DELANTERO","LUCES LYC",10
"LGLS-1065","FARO DELANTERO ENCAVA ENT 610/ 900/ 3300 (LH) - LYC","LYC",79.66,"FARO DELANTERO","LUCES LYC",10
"LGLS-1066","FARO DELANTERO ENCAVA ENT 610/ 900/ 3300 (RH) - LYC","LYC",79.66,"FARO DELANTERO","LUCES LYC",10
"LGLS-1091","FARO DELANTERO FOTON AUMARK E - ENCAVA ET-5 (LH) - LYC","LYC",1,"FARO DELANTERO","LUCES LYC",10
"LGLS-1092","FARO DELANTERO FOTON AUMARK E - ENCAVA ET-5 (RH) - LYC","LYC",1,"FARO DELANTERO","LUCES LYC",10
"LGLS-1061","FARO DELANTERO FOTON AUMARK S 24V (LH) - LYC","LYC",100.46,"FARO DELANTERO","LUCES LYC",10
"LGLS-1062","FARO DELANTERO FOTON AUMARK S 24V (RH) - LYC","LYC",100.46,"FARO DELANTERO","LUCES LYC",10
"LGLS-1079","FARO DELANTERO FREIGHTLINER COLUMBIA S60 (LH) - LYC","LYC",112.67,"FARO DELANTERO","LUCES LYC",10
"LGLS-1080","FARO DELANTERO FREIGHTLINER COLUMBIA S60 (RH) - LYC","LYC",112.67,"FARO DELANTERO","LUCES LYC",10
"LGLS-1090","FARO DELANTERO HINO 300 2012-2020 (LED) (LUJO) ( RH) - LYC","LYC",1,"FARO DELANTERO","LUCES LYC",10
"LGLS-1089","FARO DELANTERO HINO 300 2012-2020 (LED) (LUJO) (LH) - LYC","LYC",1,"FARO DELANTERO","LUCES LYC",10
"LGLS-1086","FARO DELANTERO HINO 500 2002-2017 (LH) - LYC","LYC",62.83,"FARO DELANTERO","LUCES LYC",10
"LGLS-1085","FARO DELANTERO HINO 500 2002-2017 (RH) - LYC","LYC",62.83,"FARO DELANTERO","LUCES LYC",10
"LGLS-1015","FARO DELANTERO ISUZU FVR / FSR (LH) - LYC","LYC",76.19,"FARO DELANTERO","LUCES LYC",10
"LGLS-1014","FARO DELANTERO ISUZU FVR / FSR (RH) - LYC","LYC",76.19,"FARO DELANTERO","LUCES LYC",10
"LGLS-1017","FARO DELANTERO ISUZU NPR MOD NUEVO 2015 (LH) - LYC","LYC",41.6,"FARO DELANTERO","LUCES LYC",10
"LGLS-1016","FARO DELANTERO ISUZU NPR MOD NUEVO 2015 (RH) - LYC","LYC",41.6,"FARO DELANTERO","LUCES LYC",10
"LGLS-1022","FARO DELANTERO ISUZU NPR MOD VIEJO (LH) - LYC","LYC",43.24,"FARO DELANTERO","LUCES LYC",10
"LGLS-1023","FARO DELANTERO ISUZU NPR MOD VIEJO (RH) - LYC","LYC",43.24,"FARO DELANTERO","LUCES LYC",10
"LGLS-1010","FARO DELANTERO ISUZU NPR/ NKR/ NHR 2006-2014 (LH) - LYC","LYC",38.06,"FARO DELANTERO","LUCES LYC",10
"LGLS-1011","FARO DELANTERO ISUZU NPR/ NKR/ NHR 2006-2014 (RH) - LYC","LYC",38.06,"FARO DELANTERO","LUCES LYC",10
"LGLS-1052","FARO DELANTERO IVECO DAILY (LH) CON ESQUINERO - LYC","LYC",49.78,"FARO DELANTERO","LUCES LYC",10
"LGLS-1051","FARO DELANTERO IVECO DAILY (RH) CON ESQUINERO - LYC","LYC",49.78,"FARO DELANTERO","LUCES LYC",10
"LGLS-1006","FARO DELANTERO IVECO EUROTECH (LH) - LYC","LYC",83.13,"FARO DELANTERO","LUCES LYC",10
"LGLS-1004","FARO DELANTERO IVECO EUROTECH (RH)- LYC","LYC",83.13,"FARO DELANTERO","LUCES LYC",10
"LGLS-1054","FARO DELANTERO IVECO NEW DAILY (LH) - LYC","LYC",187.13,"FARO DELANTERO","LUCES LYC",10
"LGLS-1053","FARO DELANTERO IVECO NEW DAILY (RH) - LYC","LYC",187.13,"FARO DELANTERO","LUCES LYC",10
"LGLS-1056","FARO DELANTERO IVECO STRALIS / TRAKKER (LH) - LYC","LYC",62.97,"FARO DELANTERO","LUCES LYC",10
"LGLS-1055","FARO DELANTERO IVECO STRALIS / TRAKKER (RH) - LYC","LYC",62.97,"FARO DELANTERO","LUCES LYC",10
"LGLS-1020","FARO DELANTERO JAC GALLOP HFC 4250 / 1131 / 3252 / 4251 / 1254 / 3130 / 3132 (LH) - LYC","LYC",92.39,"FARO DELANTERO","LUCES LYC",10
"LGLS-1021","FARO DELANTERO JAC GALLOP HFC 4250 / 1131 / 3252 / 4251 / 1254 / 3130 / 3132 (RH) - LYC","LYC",92.39,"FARO DELANTERO","LUCES LYC",10
"LGLS-1029","FARO DELANTERO JAC HFC 1061 / 1040 / 1083 / 1048 (RH) - LYC","LYC",62.33,"FARO DELANTERO","LUCES LYC",10
"LGLS-1028","FARO DELANTERO JAC HFC 1061 / 1040 / 1083 / 1048 IZQUIERDO - LYC","LYC",62.33,"FARO DELANTERO","LUCES LYC",10
"LGLS-1110","FARO DELANTERO LED CUADRADO 4,6"CON ARO ROJO UNIVERSAL MACK/ FREIGHTLINER/ KENWORTH (12V/24V) - LYC","LYC",1,"FARO DELANTERO","LUCES LYC",10
"LGLS-1104","FARO DELANTERO LED CUADRADO 4,6"CON ARO AMARRILLO UNIVERSAL MACK/ FREIGHTLINER/ KENWORTH (12V/24V) - LYC","LYC",1,"FARO DELANTERO","LUCES LYC",10
"LGLS-1108","FARO DELANTERO LED CUADRADO 4,6"CON ARO AZUL HIELO UNIVERSAL MACK/ FREIGHTLINER/ KENWORTH (12V/24V) - LYC","LYC",1,"FARO DELANTERO","LUCES LYC",10
"LGLS-1109","FARO DELANTERO LED CUADRADO 4,6"CON ARO AZUL UNIVERSAL MACK/ FREIGHTLINER/ KENWORTH (12V/24V) - LYC","LYC",1,"FARO DELANTERO","LUCES LYC",10
"LGLS-1105","FARO DELANTERO LED CUADRADO 4,6"CON ARO BLANCO UNIVERSAL MACK/ FREIGHTLINER/ KENWORTH (12V/24V) - LYC","LYC",1,"FARO DELANTERO","LUCES LYC",10
"LGLS-1106","FARO DELANTERO LED CUADRADO 4,6"CON ARO MORADO UNIVERSAL MACK/ FREIGHTLINER/ KENWORTH (12V/24V) - LYC","LYC",1,"FARO DELANTERO","LUCES LYC",10
"LGLS-1111","FARO DELANTERO LED CUADRADO 4,6"CON ARO ROSADO UNIVERSAL MACK/ FREIGHTLINER/ KENWORTH (12V/24V) - LYC","LYC",1,"FARO DELANTERO","LUCES LYC",10
"LGLS-1107","FARO DELANTERO LED CUADRADO 4,6"CON ARO VERDE UNIVERSAL MACK/ FREIGHTLINER/ KENWORTH (12V/24V) - LYC","LYC",1,"FARO DELANTERO","LUCES LYC",10
"LGLS-1003","FARO DELANTERO LED CUADRADO 4.6" UNIVERSAL MACK/ FREIGHTLINER/ KENWORTH (12V/24V) - LYC","LYC",25.35,"FARO DELANTERO","LUCES LYC",10
"LGLS-1057","FARO DELANTERO LED CUADRADO 6.5" UNIVERSAL CON LUZ CRUCE INFERIOR ALTA Y BAJA (12V/24V) - LYC (PRECIO POR PAR)","LYC",58.5,"FARO DELANTERO","LUCES LYC",10
"LGLS-1058","FARO DELANTERO LED CUADRADO 6.5" UNIVERSAL CON LUZ CRUCE LATERAL ALTA Y BAJA (12V/24V) - LYC (PRECIO POR PAR)","LYC",58.5,"FARO DELANTERO","LUCES LYC",10
"LGLS-1059","FARO DELANTERO LED ISUZU NPR/ NKR/ NHR 2006-2014 - LYC (PRECIO POR PAR)","LYC",321.36,"FARO DELANTERO","LUCES LYC",10
"LGLS-1060","FARO DELANTERO LED REDONDO 6" CON ARO NEON PARA ADAPTAR FORD CARGO 815/ 1721 (12V/24V) - LYC","LYC",26.98,"FARO DELANTERO","LUCES LYC",10
"LGLS-1101","FARO DELANTERO MACK CH AÑO 98 (LH) - LYC","LYC",1,"FARO DELANTERO","LUCES LYC",10
"LGLS-1102","FARO DELANTERO MACK CH AÑO 98 (RH) - LYC","LYC",1,"FARO DELANTERO","LUCES LYC",10
"LGLS-1077","FARO DELANTERO MACK CH MOD VIEJO 1992 / MACK RD400 (LH) - LYC","LYC",53.93,"FARO DELANTERO","LUCES LYC",10
"LGLS-1078","FARO DELANTERO MACK CH MOD VIEJO 1992 / MACK RD400 (RH) - LYC","LYC",53.93,"FARO DELANTERO","LUCES LYC",10
"LGLS-1075","FARO DELANTERO MACK VISION (LH) - LYC","LYC",160.33,"FARO DELANTERO","LUCES LYC",10
"LGLS-1076","FARO DELANTERO MACK VISION (RH) - LYC","LYC",160.33,"FARO DELANTERO","LUCES LYC",10
"LGLS-1082","FARO DELANTERO MITSUBISHI CANTER 649 (LH) - LYC","LYC",77.04,"FARO DELANTERO","LUCES LYC",10
"LGLS-1081","FARO DELANTERO MITSUBISHI CANTER 649 (RH) - LYC","LYC",77.04,"FARO DELANTERO","LUCES LYC",10
"LGLS-1084","FARO DELANTERO MITSUBISHI CANTER 659 (LH) - LYC","LYC",47.67,"FARO DELANTERO","LUCES LYC",10
"LGLS-1083","FARO DELANTERO MITSUBISHI CANTER 659 (RH) - LYC","LYC",47.67,"FARO DELANTERO","LUCES LYC",10
"LGLS-1031","FARO DELANTERO MITSUBISHI CANTER FUSO FE84 / FE85 (LH) - LYC","LYC",44.06,"FARO DELANTERO","LUCES LYC",10
"LGLS-1030","FARO DELANTERO MITSUBISHI CANTER FUSO FE84 / FE85 (RH) - LYC","LYC",48.95,"FARO DELANTERO","LUCES LYC",10
"LGLS-1001","FARO DELANTERO REGLETA ESTROBO BLANCA C/FLASH (12V/24V) - LYC (CAJA 10 UND PRECIO POR UND)","LYC",9.97,"FARO DELANTERO","LUCES LYC",10
"LGLS-1002","FARO DELANTERO REGLETA ESTROBO ROJO Y AZUL C/FLASH (12V/24V) - LYC (CAJA 10 UND PRECIO POR UND)","LYC",9.97,"FARO DELANTERO","LUCES LYC",10
"LGLS-1026","FARO DELANTERO TOYOTA DYNA HINO 300 2012-2020 (LH) - LYC","LYC",118.49,"FARO DELANTERO","LUCES LYC",10
"LGLS-1024","FARO DELANTERO TOYOTA DYNA HINO 300 2003-2009 (LH) - LYC","LYC",83.29,"FARO DELANTERO","LUCES LYC",10
"LGLS-1025","FARO DELANTERO TOYOTA DYNA HINO 300 2003-2009 (RH) - LYC","LYC",83.29,"FARO DELANTERO","LUCES LYC",10
"LGLS-1027","FARO DELANTERO TOYOTA DYNA HINO 300 2012-2020 (RH) - LYC","LYC",118.49,"FARO DELANTERO","LUCES LYC",10